ano,pais,quantidade_exportacao,valor_exportacao,valor_exportacao_por_litro
2007,Afeganistao,0,0,0.0
2008,Afeganistao,0,0,0.0
2009,Afeganistao,0,0,0.0
2010,Afeganistao,0,0,0.0
2011,Afeganistao,0,0,0.0
2012,Afeganistao,0,0,0.0
2013,Afeganistao,0,0,0.0
2014,Afeganistao,0,0,0.0
2015,Afeganistao,0,0,0.0
2016,Afeganistao,0,0,0.0
2017,Afeganistao,0,0,0.0
2018,Afeganistao,0,0,0.0
2019,Afeganistao,0,0,0.0
2020,Afeganistao,0,0,0.0
2021,Afeganistao,11,46,4.18
2007,Africa do Sul,0,0,0.0
2008,Africa do Sul,0,0,0.0
2009,Africa do Sul,0,0,0.0
2010,Africa do Sul,0,0,0.0
2011,Africa do Sul,0,0,0.0
2012,Africa do Sul,0,0,0.0
2013,Africa do Sul,0,0,0.0
2014,Africa do Sul,0,0,0.0
2015,Africa do Sul,0,0,0.0
2016,Africa do Sul,0,0,0.0
2017,Africa do Sul,0,0,0.0
2018,Africa do Sul,0,0,0.0
2019,Africa do Sul,26,95,3.65
2020,Africa do Sul,4,21,5.25
2021,Africa do Sul,0,0,0.0
2007,Alemanha,119512,238052,1.99
2008,Alemanha,265742,429970,1.62
2009,Alemanha,225086,393482,1.75
2010,Alemanha,27715,138666,5.0
2011,Alemanha,36070,144150,4.0
2012,Alemanha,8189,56342,6.88
2013,Alemanha,61699,265978,4.31
2014,Alemanha,213348,761653,3.57
2015,Alemanha,10680,44780,4.19
2016,Alemanha,14012,68109,4.86
2017,Alemanha,15467,87702,5.67
2018,Alemanha,10794,45382,4.2
2019,Alemanha,3660,25467,6.96
2020,Alemanha,6261,32605,5.21
2021,Alemanha,2698,6741,2.5
2007,Angola,25931,49753,1.92
2008,Angola,25721,71083,2.76
2009,Angola,54786,84235,1.54
2010,Angola,33557,189891,5.66
2011,Angola,13889,69001,4.97
2012,Angola,2833,8861,3.13
2013,Angola,1573,9300,5.91
2014,Angola,12182,23124,1.9
2015,Angola,1908,17089,8.96
2016,Angola,7359,35390,4.81
2017,Angola,10170,61680,6.06
2018,Angola,477,709,1.49
2019,Angola,345,1065,3.09
2020,Angola,0,0,0.0
2021,Angola,0,0,0.0
2007,Anguilla,0,0,0.0
2008,Anguilla,0,0,0.0
2009,Anguilla,0,0,0.0
2010,Anguilla,0,0,0.0
2011,Anguilla,0,0,0.0
2012,Anguilla,0,0,0.0
2013,Anguilla,0,0,0.0
2014,Anguilla,0,0,0.0
2015,Anguilla,0,0,0.0
2016,Anguilla,0,0,0.0
2017,Anguilla,0,0,0.0
2018,Anguilla,0,0,0.0
2019,Anguilla,0,0,0.0
2020,Anguilla,0,0,0.0
2021,Anguilla,0,0,0.0
2007,Antigua e Barbuda,0,0,0.0
2008,Antigua e Barbuda,0,0,0.0
2009,Antigua e Barbuda,0,0,0.0
2010,Antigua e Barbuda,0,0,0.0
2011,Antigua e Barbuda,0,0,0.0
2012,Antigua e Barbuda,0,0,0.0
2013,Antigua e Barbuda,0,0,0.0
2014,Antigua e Barbuda,0,0,0.0
2015,Antigua e Barbuda,0,0,0.0
2016,Antigua e Barbuda,0,0,0.0
2017,Antigua e Barbuda,0,0,0.0
2018,Antigua e Barbuda,37,191,5.16
2019,Antigua e Barbuda,219,1549,7.07
2020,Antigua e Barbuda,624,1864,2.99
2021,Antigua e Barbuda,805,2268,2.82
2007,Antilhas Holandesas,17025,17949,1.05
2008,Antilhas Holandesas,17938,22908,1.28
2009,Antilhas Holandesas,8235,10651,1.29
2010,Antilhas Holandesas,9810,12808,1.31
2011,Antilhas Holandesas,7335,10188,1.39
2012,Antilhas Holandesas,9247,14081,1.52
2013,Antilhas Holandesas,11281,19565,1.73
2014,Antilhas Holandesas,4455,7169,1.61
2015,Antilhas Holandesas,6660,10545,1.58
2016,Antilhas Holandesas,16641,26450,1.59
2017,Antilhas Holandesas,5400,8550,1.58
2018,Antilhas Holandesas,0,0,0.0
2019,Antilhas Holandesas,0,0,0.0
2020,Antilhas Holandesas,0,0,0.0
2021,Antilhas Holandesas,0,0,0.0
2007,Argentina,0,0,0.0
2008,Argentina,0,0,0.0
2009,Argentina,162,4523,27.92
2010,Argentina,0,0,0.0
2011,Argentina,13253,55460,4.18
2012,Argentina,0,0,0.0
2013,Argentina,0,0,0.0
2014,Argentina,20385,95130,4.67
2015,Argentina,0,0,0.0
2016,Argentina,0,0,0.0
2017,Argentina,0,0,0.0
2018,Argentina,15711,59150,3.76
2019,Argentina,0,0,0.0
2020,Argentina,1015,4176,4.11
2021,Argentina,6,13,2.17
2007,Aruba,0,0,0.0
2008,Aruba,0,0,0.0
2009,Aruba,0,0,0.0
2010,Aruba,0,0,0.0
2011,Aruba,900,1680,1.87
2012,Aruba,0,0,0.0
2013,Aruba,0,0,0.0
2014,Aruba,450,755,1.68
2015,Aruba,0,0,0.0
2016,Aruba,0,0,0.0
2017,Aruba,0,0,0.0
2018,Aruba,0,0,0.0
2019,Aruba,0,0,0.0
2020,Aruba,0,0,0.0
2021,Aruba,0,0,0.0
2007,Australia,60,281,4.68
2008,Australia,218726,99280,0.45
2009,Australia,1014,9195,9.07
2010,Australia,1823,17960,9.85
2011,Australia,3632,40704,11.21
2012,Australia,9345,56045,6.0
2013,Australia,16707,101715,6.09
2014,Australia,6308,43709,6.93
2015,Australia,7437,48011,6.46
2016,Australia,1954,13799,7.06
2017,Australia,1350,7500,5.56
2018,Australia,2055,6902,3.36
2019,Australia,1161,4682,4.03
2020,Australia,1013,3413,3.37
2021,Australia,705,4034,5.72
2007,Austria,0,0,0.0
2008,Austria,0,0,0.0
2009,Austria,0,0,0.0
2010,Austria,0,0,0.0
2011,Austria,0,0,0.0
2012,Austria,0,0,0.0
2013,Austria,0,0,0.0
2014,Austria,0,0,0.0
2015,Austria,0,0,0.0
2016,Austria,675,5220,7.73
2017,Austria,0,0,0.0
2018,Austria,0,0,0.0
2019,Austria,0,0,0.0
2020,Austria,0,0,0.0
2021,Austria,0,0,0.0
2007,Bahamas,0,0,0.0
2008,Bahamas,0,0,0.0
2009,Bahamas,0,0,0.0
2010,Bahamas,3175,12759,4.02
2011,Bahamas,4529,28810,6.36
2012,Bahamas,1374,12087,8.8
2013,Bahamas,581,5145,8.86
2014,Bahamas,0,0,0.0
2015,Bahamas,0,0,0.0
2016,Bahamas,0,0,0.0
2017,Bahamas,0,0,0.0
2018,Bahamas,141,634,4.5
2019,Bahamas,791,3124,3.95
2020,Bahamas,1212,3703,3.06
2021,Bahamas,1083,4567,4.22
2007,Bangladesh,0,0,0.0
2008,Bangladesh,0,0,0.0
2009,Bangladesh,0,0,0.0
2010,Bangladesh,0,0,0.0
2011,Bangladesh,0,0,0.0
2012,Bangladesh,0,0,0.0
2013,Bangladesh,0,0,0.0
2014,Bangladesh,0,0,0.0
2015,Bangladesh,0,0,0.0
2016,Bangladesh,0,0,0.0
2017,Bangladesh,0,0,0.0
2018,Bangladesh,0,0,0.0
2019,Bangladesh,0,0,0.0
2020,Bangladesh,3,29,9.67
2021,Bangladesh,2,20,10.0
2007,Barbados,0,0,0.0
2008,Barbados,0,0,0.0
2009,Barbados,0,0,0.0
2010,Barbados,0,0,0.0
2011,Barbados,0,0,0.0
2012,Barbados,0,0,0.0
2013,Barbados,0,0,0.0
2014,Barbados,0,0,0.0
2015,Barbados,0,0,0.0
2016,Barbados,0,0,0.0
2017,Barbados,0,0,0.0
2018,Barbados,0,0,0.0
2019,Barbados,36,394,10.94
2020,Barbados,143,169,1.18
2021,Barbados,216,844,3.91
2007,Barein,0,0,0.0
2008,Barein,0,0,0.0
2009,Barein,0,0,0.0
2010,Barein,0,0,0.0
2011,Barein,0,0,0.0
2012,Barein,0,0,0.0
2013,Barein,0,0,0.0
2014,Barein,0,0,0.0
2015,Barein,0,0,0.0
2016,Barein,0,0,0.0
2017,Barein,0,0,0.0
2018,Barein,0,0,0.0
2019,Barein,482,2144,4.45
2020,Barein,8,28,3.5
2021,Barein,302,894,2.96
2007,Belgica,1077,3751,3.48
2008,Belgica,3523,12969,3.68
2009,Belgica,125962,58764,0.47
2010,Belgica,42532,185411,4.36
2011,Belgica,11802,62339,5.28
2012,Belgica,16132,90718,5.62
2013,Belgica,22461,95893,4.27
2014,Belgica,151320,704093,4.65
2015,Belgica,4473,26399,5.9
2016,Belgica,7200,46534,6.46
2017,Belgica,2790,16405,5.88
2018,Belgica,7497,52799,7.04
2019,Belgica,2498,12548,5.02
2020,Belgica,3166,20460,6.46
2021,Belgica,483,3749,7.76
2007,Belize,0,0,0.0
2008,Belize,0,0,0.0
2009,Belize,0,0,0.0
2010,Belize,0,0,0.0
2011,Belize,0,0,0.0
2012,Belize,0,0,0.0
2013,Belize,0,0,0.0
2014,Belize,0,0,0.0
2015,Belize,0,0,0.0
2016,Belize,0,0,0.0
2017,Belize,0,0,0.0
2018,Belize,0,0,0.0
2019,Belize,9,29,3.22
2020,Belize,0,0,0.0
2021,Belize,0,0,0.0
2007,Benin,0,0,0.0
2008,Benin,10350,17423,1.68
2009,Benin,0,0,0.0
2010,Benin,0,0,0.0
2011,Benin,0,0,0.0
2012,Benin,0,0,0.0
2013,Benin,0,0,0.0
2014,Benin,0,0,0.0
2015,Benin,0,0,0.0
2016,Benin,5040,20333,4.03
2017,Benin,0,0,0.0
2018,Benin,0,0,0.0
2019,Benin,9,9,1.0
2020,Benin,0,0,0.0
2021,Benin,0,0,0.0
2007,Bolivia,4985,3550,0.71
2008,Bolivia,3979,3990,1.0
2009,Bolivia,40463,20729,0.51
2010,Bolivia,54,282,5.22
2011,Bolivia,12775,20215,1.58
2012,Bolivia,11868,16804,1.42
2013,Bolivia,19147,25998,1.36
2014,Bolivia,12534,18303,1.46
2015,Bolivia,10674,12990,1.22
2016,Bolivia,13586,16902,1.24
2017,Bolivia,9495,23085,2.43
2018,Bolivia,21566,57424,2.66
2019,Bolivia,0,0,0.0
2020,Bolivia,9900,16025,1.62
2021,Bolivia,5850,8360,1.43
2007,Bosnia-Herzegovina,0,0,0.0
2008,Bosnia-Herzegovina,0,0,0.0
2009,Bosnia-Herzegovina,0,0,0.0
2010,Bosnia-Herzegovina,0,0,0.0
2011,Bosnia-Herzegovina,0,0,0.0
2012,Bosnia-Herzegovina,0,0,0.0
2013,Bosnia-Herzegovina,0,0,0.0
2014,Bosnia-Herzegovina,0,0,0.0
2015,Bosnia-Herzegovina,0,0,0.0
2016,Bosnia-Herzegovina,0,0,0.0
2017,Bosnia-Herzegovina,0,0,0.0
2018,Bosnia-Herzegovina,0,0,0.0
2019,Bosnia-Herzegovina,0,0,0.0
2020,Bosnia-Herzegovina,45,52,1.16
2021,Bosnia-Herzegovina,0,0,0.0
2007,Brasil,0,0,0.0
2008,Brasil,0,0,0.0
2009,Brasil,0,0,0.0
2010,Brasil,0,0,0.0
2011,Brasil,0,0,0.0
2012,Brasil,0,0,0.0
2013,Brasil,0,0,0.0
2014,Brasil,0,0,0.0
2015,Brasil,0,0,0.0
2016,Brasil,0,0,0.0
2017,Brasil,0,0,0.0
2018,Brasil,0,0,0.0
2019,Brasil,0,0,0.0
2020,Brasil,0,0,0.0
2021,Brasil,31,46,1.48
2007,Bulgaria,0,0,0.0
2008,Bulgaria,0,0,0.0
2009,Bulgaria,0,0,0.0
2010,Bulgaria,0,0,0.0
2011,Bulgaria,0,0,0.0
2012,Bulgaria,0,0,0.0
2013,Bulgaria,0,0,0.0
2014,Bulgaria,0,0,0.0
2015,Bulgaria,0,0,0.0
2016,Bulgaria,0,0,0.0
2017,Bulgaria,117,1579,13.5
2018,Bulgaria,0,0,0.0
2019,Bulgaria,0,0,0.0
2020,Bulgaria,0,0,0.0
2021,Bulgaria,0,0,0.0
2007,Cabo Verde,0,0,0.0
2008,Cabo Verde,0,0,0.0
2009,Cabo Verde,0,0,0.0
2010,Cabo Verde,11991,49366,4.12
2011,Cabo Verde,600,825,1.38
2012,Cabo Verde,0,0,0.0
2013,Cabo Verde,0,0,0.0
2014,Cabo Verde,0,0,0.0
2015,Cabo Verde,0,0,0.0
2016,Cabo Verde,0,0,0.0
2017,Cabo Verde,0,0,0.0
2018,Cabo Verde,18,48,2.67
2019,Cabo Verde,0,0,0.0
2020,Cabo Verde,0,0,0.0
2021,Cabo Verde,16,124,7.75
2007,Camaroes,0,0,0.0
2008,Camaroes,0,0,0.0
2009,Camaroes,0,0,0.0
2010,Camaroes,0,0,0.0
2011,Camaroes,0,0,0.0
2012,Camaroes,0,0,0.0
2013,Camaroes,0,0,0.0
2014,Camaroes,0,0,0.0
2015,Camaroes,0,0,0.0
2016,Camaroes,0,0,0.0
2017,Camaroes,1749,7476,4.27
2018,Camaroes,0,0,0.0
2019,Camaroes,0,0,0.0
2020,Camaroes,0,178,0.0
2021,Camaroes,0,0,0.0
2007,Canada,4172,18838,4.52
2008,Canada,20949,80476,3.84
2009,Canada,15664,73445,4.69
2010,Canada,0,0,0.0
2011,Canada,28906,128076,4.43
2012,Canada,14304,146035,10.21
2013,Canada,25329,174643,6.89
2014,Canada,35082,226875,6.47
2015,Canada,24547,118394,4.82
2016,Canada,13711,71096,5.19
2017,Canada,6075,30658,5.05
2018,Canada,5308,20414,3.85
2019,Canada,1589,6933,4.36
2020,Canada,1672,8431,5.04
2021,Canada,1172,6157,5.25
2007,Catar,0,0,0.0
2008,Catar,0,0,0.0
2009,Catar,0,0,0.0
2010,Catar,0,0,0.0
2011,Catar,0,0,0.0
2012,Catar,0,0,0.0
2013,Catar,0,0,0.0
2014,Catar,0,0,0.0
2015,Catar,0,0,0.0
2016,Catar,0,0,0.0
2017,Catar,13338,81606,6.12
2018,Catar,0,0,0.0
2019,Catar,0,0,0.0
2020,Catar,0,0,0.0
2021,Catar,1,2,2.0
2007,Ilhas Cayman,0,0,0.0
2008,Ilhas Cayman,0,0,0.0
2009,Ilhas Cayman,0,0,0.0
2010,Ilhas Cayman,0,0,0.0
2011,Ilhas Cayman,0,0,0.0
2012,Ilhas Cayman,0,0,0.0
2013,Ilhas Cayman,0,0,0.0
2014,Ilhas Cayman,0,0,0.0
2015,Ilhas Cayman,0,0,0.0
2016,Ilhas Cayman,0,0,0.0
2017,Ilhas Cayman,0,0,0.0
2018,Ilhas Cayman,19,203,10.68
2019,Ilhas Cayman,19,106,5.58
2020,Ilhas Cayman,123,339,2.76
2021,Ilhas Cayman,104,356,3.42
2007,Chile,60930,67353,1.11
2008,Chile,0,0,0.0
2009,Chile,1475,4297,2.91
2010,Chile,0,0,0.0
2011,Chile,0,0,0.0
2012,Chile,8550,15438,1.81
2013,Chile,0,0,0.0
2014,Chile,0,0,0.0
2015,Chile,0,0,0.0
2016,Chile,0,0,0.0
2017,Chile,0,0,0.0
2018,Chile,11049,42832,3.88
2019,Chile,0,0,0.0
2020,Chile,11,13,1.18
2021,Chile,26,6,0.23
2007,China,7638,30390,3.98
2008,China,8689,25926,2.98
2009,China,1553416,482400,0.31
2010,China,795,2358,2.97
2011,China,54156,334867,6.18
2012,China,87905,642177,7.31
2013,China,40929,279956,6.84
2014,China,64040,455340,7.11
2015,China,47609,222866,4.68
2016,China,134106,499622,3.73
2017,China,67594,266086,3.94
2018,China,30835,126336,4.1
2019,China,129852,376828,2.9
2020,China,122253,363000,2.97
2021,China,61884,264116,4.27
2007,Chipre,0,0,0.0
2008,Chipre,0,0,0.0
2009,Chipre,0,0,0.0
2010,Chipre,0,0,0.0
2011,Chipre,0,0,0.0
2012,Chipre,0,0,0.0
2013,Chipre,0,0,0.0
2014,Chipre,0,0,0.0
2015,Chipre,0,0,0.0
2016,Chipre,0,0,0.0
2017,Chipre,0,0,0.0
2018,Chipre,279,480,1.72
2019,Chipre,672,1843,2.74
2020,Chipre,2478,6785,2.74
2021,Chipre,1855,4530,2.44
2007,Cingapura,7270,17864,2.46
2008,Cingapura,1233,4699,3.81
2009,Cingapura,2419,6110,2.53
2010,Cingapura,1533,5504,3.59
2011,Cingapura,911,3317,3.64
2012,Cingapura,1212,5310,4.38
2013,Cingapura,766,5779,7.54
2014,Cingapura,541,3887,7.18
2015,Cingapura,1116,2774,2.49
2016,Cingapura,5445,13199,2.42
2017,Cingapura,0,0,0.0
2018,Cingapura,3298,11616,3.52
2019,Cingapura,5044,19099,3.79
2020,Cingapura,4049,9316,2.3
2021,Cingapura,0,0,0.0
2007,Colombia,0,0,0.0
2008,Colombia,0,0,0.0
2009,Colombia,0,0,0.0
2010,Colombia,0,0,0.0
2011,Colombia,0,0,0.0
2012,Colombia,0,0,0.0
2013,Colombia,8,30,3.75
2014,Colombia,0,0,0.0
2015,Colombia,0,0,0.0
2016,Colombia,0,0,0.0
2017,Colombia,0,0,0.0
2018,Colombia,6944,26273,3.78
2019,Colombia,897,1999,2.23
2020,Colombia,15660,23780,1.52
2021,Colombia,12160,21867,1.8
2007,Comores,0,0,0.0
2008,Comores,0,0,0.0
2009,Comores,0,0,0.0
2010,Comores,0,0,0.0
2011,Comores,0,0,0.0
2012,Comores,0,0,0.0
2013,Comores,0,0,0.0
2014,Comores,0,0,0.0
2015,Comores,0,0,0.0
2016,Comores,0,0,0.0
2017,Comores,0,0,0.0
2018,Comores,0,0,0.0
2019,Comores,0,0,0.0
2020,Comores,9,25,2.78
2021,Comores,0,0,0.0
2007,Congo,0,0,0.0
2008,Congo,0,0,0.0
2009,Congo,0,0,0.0
2010,Congo,0,0,0.0
2011,Congo,360,570,1.58
2012,Congo,0,0,0.0
2013,Congo,0,0,0.0
2014,Congo,0,0,0.0
2015,Congo,0,0,0.0
2016,Congo,0,0,0.0
2017,Congo,0,0,0.0
2018,Congo,0,0,0.0
2019,Congo,0,0,0.0
2020,Congo,0,0,0.0
2021,Congo,0,0,0.0
2007,Coreia do Sul,1012,4650,4.59
2008,Coreia do Sul,3520,14366,4.08
2009,Coreia do Sul,0,0,0.0
2010,Coreia do Sul,0,0,0.0
2011,Coreia do Sul,0,0,0.0
2012,Coreia do Sul,0,0,0.0
2013,Coreia do Sul,0,0,0.0
2014,Coreia do Sul,0,0,0.0
2015,Coreia do Sul,0,0,0.0
2016,Coreia do Sul,8,20,2.5
2017,Coreia do Sul,0,0,0.0
2018,Coreia do Sul,120,109,0.91
2019,Coreia do Sul,70,194,2.77
2020,Coreia do Sul,103,433,4.2
2021,Coreia do Sul,67,100,1.49
2007,Costa do Marfim,0,0,0.0
2008,Costa do Marfim,0,0,0.0
2009,Costa do Marfim,0,0,0.0
2010,Costa do Marfim,0,0,0.0
2011,Costa do Marfim,0,0,0.0
2012,Costa do Marfim,0,0,0.0
2013,Costa do Marfim,0,0,0.0
2014,Costa do Marfim,0,0,0.0
2015,Costa do Marfim,0,0,0.0
2016,Costa do Marfim,0,0,0.0
2017,Costa do Marfim,0,0,0.0
2018,Costa do Marfim,0,0,0.0
2019,Costa do Marfim,0,0,0.0
2020,Costa do Marfim,0,0,0.0
2021,Costa do Marfim,0,0,0.0
2007,Costa Rica,0,0,0.0
2008,Costa Rica,55,200,3.64
2009,Costa Rica,0,0,0.0
2010,Costa Rica,0,0,0.0
2011,Costa Rica,0,0,0.0
2012,Costa Rica,0,0,0.0
2013,Costa Rica,0,0,0.0
2014,Costa Rica,0,0,0.0
2015,Costa Rica,0,0,0.0
2016,Costa Rica,0,0,0.0
2017,Costa Rica,0,0,0.0
2018,Costa Rica,0,0,0.0
2019,Costa Rica,0,0,0.0
2020,Costa Rica,0,0,0.0
2021,Costa Rica,0,0,0.0
2007,Croacia,0,0,0.0
2008,Croacia,0,0,0.0
2009,Croacia,0,0,0.0
2010,Croacia,0,0,0.0
2011,Croacia,0,0,0.0
2012,Croacia,0,0,0.0
2013,Croacia,0,0,0.0
2014,Croacia,0,0,0.0
2015,Croacia,0,0,0.0
2016,Croacia,0,0,0.0
2017,Croacia,0,0,0.0
2018,Croacia,0,0,0.0
2019,Croacia,0,0,0.0
2020,Croacia,21,123,5.86
2021,Croacia,0,0,0.0
2007,Cuba,2669,5118,1.92
2008,Cuba,0,0,0.0
2009,Cuba,0,0,0.0
2010,Cuba,0,0,0.0
2011,Cuba,2880,4899,1.7
2012,Cuba,0,0,0.0
2013,Cuba,0,0,0.0
2014,Cuba,38875,43200,1.11
2015,Cuba,97965,108864,1.11
2016,Cuba,63741,69830,1.1
2017,Cuba,62791,72229,1.15
2018,Cuba,4776,5584,1.17
2019,Cuba,0,0,0.0
2020,Cuba,0,0,0.0
2021,Cuba,0,0,0.0
2007,Curacao,0,0,0.0
2008,Curacao,0,0,0.0
2009,Curacao,0,0,0.0
2010,Curacao,0,0,0.0
2011,Curacao,0,0,0.0
2012,Curacao,0,0,0.0
2013,Curacao,0,0,0.0
2014,Curacao,0,0,0.0
2015,Curacao,0,0,0.0
2016,Curacao,0,0,0.0
2017,Curacao,12340,23011,1.86
2018,Curacao,23930,43676,1.83
2019,Curacao,33951,62067,1.83
2020,Curacao,47962,65986,1.38
2021,Curacao,32263,58993,1.83
2007,Dinamarca,3480,11176,3.21
2008,Dinamarca,518,15905,30.7
2009,Dinamarca,1980,21780,11.0
2010,Dinamarca,7034,69161,9.83
2011,Dinamarca,32797,83057,2.53
2012,Dinamarca,4716,23802,5.05
2013,Dinamarca,17892,101915,5.7
2014,Dinamarca,3240,16871,5.21
2015,Dinamarca,7080,29306,4.14
2016,Dinamarca,1278,8171,6.39
2017,Dinamarca,581,2829,4.87
2018,Dinamarca,0,0,0.0
2019,Dinamarca,240,306,1.27
2020,Dinamarca,659,1962,2.98
2021,Dinamarca,87,504,5.79
2007,Dominica,0,0,0.0
2008,Dominica,0,0,0.0
2009,Dominica,0,0,0.0
2010,Dominica,0,0,0.0
2011,Dominica,0,0,0.0
2012,Dominica,0,0,0.0
2013,Dominica,0,0,0.0
2014,Dominica,0,0,0.0
2015,Dominica,0,0,0.0
2016,Dominica,0,0,0.0
2017,Dominica,0,0,0.0
2018,Dominica,0,0,0.0
2019,Dominica,0,0,0.0
2020,Dominica,0,0,0.0
2021,Dominica,460,634,1.38
2007,El Salvador,0,0,0.0
2008,El Salvador,0,0,0.0
2009,El Salvador,55,100,1.82
2010,El Salvador,0,0,0.0
2011,El Salvador,0,0,0.0
2012,El Salvador,0,0,0.0
2013,El Salvador,0,0,0.0
2014,El Salvador,0,0,0.0
2015,El Salvador,0,0,0.0
2016,El Salvador,0,0,0.0
2017,El Salvador,0,0,0.0
2018,El Salvador,0,0,0.0
2019,El Salvador,0,0,0.0
2020,El Salvador,0,0,0.0
2021,El Salvador,0,0,0.0
2007,Emirados Arabes Unidos,0,0,0.0
2008,Emirados Arabes Unidos,2437,12298,5.05
2009,Emirados Arabes Unidos,1398,4032,2.88
2010,Emirados Arabes Unidos,1035,3206,3.1
2011,Emirados Arabes Unidos,2120,6594,3.11
2012,Emirados Arabes Unidos,675,3300,4.89
2013,Emirados Arabes Unidos,0,0,0.0
2014,Emirados Arabes Unidos,640,3381,5.28
2015,Emirados Arabes Unidos,765,3740,4.89
2016,Emirados Arabes Unidos,585,2760,4.72
2017,Emirados Arabes Unidos,675,3302,4.89
2018,Emirados Arabes Unidos,360,1762,4.89
2019,Emirados Arabes Unidos,450,2202,4.89
2020,Emirados Arabes Unidos,581,2279,3.92
2021,Emirados Arabes Unidos,810,10522,12.99
2007,Equador,2700,3585,1.33
2008,Equador,0,0,0.0
2009,Equador,0,0,0.0
2010,Equador,0,0,0.0
2011,Equador,0,0,0.0
2012,Equador,0,0,0.0
2013,Equador,0,0,0.0
2014,Equador,0,0,0.0
2015,Equador,0,0,0.0
2016,Equador,0,0,0.0
2017,Equador,0,0,0.0
2018,Equador,0,0,0.0
2019,Equador,2,3,1.5
2020,Equador,3780,3824,1.01
2021,Equador,0,0,0.0
2007,Eslovaquia,0,0,0.0
2008,Eslovaquia,585,16063,27.46
2009,Eslovaquia,0,0,0.0
2010,Eslovaquia,0,0,0.0
2011,Eslovaquia,0,0,0.0
2012,Eslovaquia,0,0,0.0
2013,Eslovaquia,0,0,0.0
2014,Eslovaquia,0,0,0.0
2015,Eslovaquia,0,0,0.0
2016,Eslovaquia,0,0,0.0
2017,Eslovaquia,0,0,0.0
2018,Eslovaquia,0,0,0.0
2019,Eslovaquia,0,0,0.0
2020,Eslovaquia,0,0,0.0
2021,Eslovaquia,0,0,0.0
2007,Espanha,0,0,0.0
2008,Espanha,2942,6834,2.32
2009,Espanha,2181,4050,1.86
2010,Espanha,0,0,0.0
2011,Espanha,5206,24618,4.73
2012,Espanha,0,0,0.0
2013,Espanha,1972980,3748940,1.9
2014,Espanha,0,0,0.0
2015,Espanha,0,0,0.0
2016,Espanha,0,0,0.0
2017,Espanha,0,0,0.0
2018,Espanha,6123,22631,3.7
2019,Espanha,3540,1353,0.38
2020,Espanha,28,126,4.5
2021,Espanha,0,0,0.0
2007,Estados Unidos,479269,810038,1.69
2008,Estados Unidos,443895,804607,1.81
2009,Estados Unidos,372319,660066,1.77
2010,Estados Unidos,228968,478630,2.09
2011,Estados Unidos,306787,1030254,3.36
2012,Estados Unidos,146585,303986,2.07
2013,Estados Unidos,245368,786556,3.21
2014,Estados Unidos,222267,494216,2.22
2015,Estados Unidos,195896,524109,2.68
2016,Estados Unidos,258072,687411,2.66
2017,Estados Unidos,132688,1523699,11.48
2018,Estados Unidos,169109,512519,3.03
2019,Estados Unidos,209765,616274,2.94
2020,Estados Unidos,300178,610793,2.03
2021,Estados Unidos,111085,203554,1.83
2007,Estonia,77697,54056,0.7
2008,Estonia,4114,9730,2.37
2009,Estonia,5438,10802,1.99
2010,Estonia,15848,40778,2.57
2011,Estonia,450,5336,11.86
2012,Estonia,3321,19384,5.84
2013,Estonia,0,0,0.0
2014,Estonia,0,0,0.0
2015,Estonia,0,0,0.0
2016,Estonia,900,4800,5.33
2017,Estonia,0,0,0.0
2018,Estonia,0,0,0.0
2019,Estonia,0,0,0.0
2020,Estonia,0,0,0.0
2021,Estonia,0,0,0.0
2007,Filipinas,0,0,0.0
2008,Filipinas,0,0,0.0
2009,Filipinas,0,0,0.0
2010,Filipinas,0,0,0.0
2011,Filipinas,0,0,0.0
2012,Filipinas,0,0,0.0
2013,Filipinas,0,0,0.0
2014,Filipinas,0,0,0.0
2015,Filipinas,0,0,0.0
2016,Filipinas,0,0,0.0
2017,Filipinas,0,0,0.0
2018,Filipinas,9608,16205,1.69
2019,Filipinas,736,2486,3.38
2020,Filipinas,719,1548,2.15
2021,Filipinas,2784,10368,3.72
2007,Finlandia,0,0,0.0
2008,Finlandia,0,0,0.0
2009,Finlandia,0,0,0.0
2010,Finlandia,0,0,0.0
2011,Finlandia,12404,50394,4.06
2012,Finlandia,17100,67959,3.97
2013,Finlandia,36682,283114,7.72
2014,Finlandia,12960,94962,7.33
2015,Finlandia,0,0,0.0
2016,Finlandia,7617,41003,5.38
2017,Finlandia,0,0,0.0
2018,Finlandia,0,0,0.0
2019,Finlandia,0,0,0.0
2020,Finlandia,0,0,0.0
2021,Finlandia,0,0,0.0
2007,Franca,6349,11231,1.77
2008,Franca,11078,27500,2.48
2009,Franca,0,0,0.0
2010,Franca,3614,18904,5.23
2011,Franca,0,0,0.0
2012,Franca,195604,185791,0.95
2013,Franca,6885,42256,6.14
2014,Franca,33755,167807,4.97
2015,Franca,1596,4749,2.98
2016,Franca,6037,30055,4.98
2017,Franca,4253,21654,5.09
2018,Franca,11077,48677,4.39
2019,Franca,18286,67072,3.67
2020,Franca,12622,57144,4.53
2021,Franca,7052,23742,3.37
2007,Gana,0,0,0.0
2008,Gana,18168,25642,1.41
2009,Gana,0,0,0.0
2010,Gana,0,0,0.0
2011,Gana,0,0,0.0
2012,Gana,0,0,0.0
2013,Gana,0,0,0.0
2014,Gana,0,0,0.0
2015,Gana,0,0,0.0
2016,Gana,0,0,0.0
2017,Gana,0,0,0.0
2018,Gana,9000,13502,1.5
2019,Gana,7673,10010,1.3
2020,Gana,18810,22027,1.17
2021,Gana,12578,19196,1.53
2007,Gibraltar,0,0,0.0
2008,Gibraltar,0,0,0.0
2009,Gibraltar,0,0,0.0
2010,Gibraltar,0,0,0.0
2011,Gibraltar,0,0,0.0
2012,Gibraltar,0,0,0.0
2013,Gibraltar,0,0,0.0
2014,Gibraltar,0,0,0.0
2015,Gibraltar,0,0,0.0
2016,Gibraltar,0,0,0.0
2017,Gibraltar,0,0,0.0
2018,Gibraltar,0,0,0.0
2019,Gibraltar,23,93,4.04
2020,Gibraltar,769,2860,3.72
2021,Gibraltar,0,0,0.0
2007,Grecia,0,0,0.0
2008,Grecia,0,0,0.0
2009,Grecia,0,0,0.0
2010,Grecia,0,0,0.0
2011,Grecia,0,0,0.0
2012,Grecia,0,0,0.0
2013,Grecia,0,0,0.0
2014,Grecia,0,0,0.0
2015,Grecia,0,0,0.0
2016,Grecia,0,0,0.0
2017,Grecia,0,0,0.0
2018,Grecia,232,730,3.15
2019,Grecia,561,1994,3.55
2020,Grecia,6859,18092,2.64
2021,Grecia,908,3014,3.32
2007,Guatemala,0,0,0.0
2008,Guatemala,0,0,0.0
2009,Guatemala,20,20,1.0
2010,Guatemala,0,0,0.0
2011,Guatemala,0,0,0.0
2012,Guatemala,0,0,0.0
2013,Guatemala,0,0,0.0
2014,Guatemala,0,0,0.0
2015,Guatemala,0,0,0.0
2016,Guatemala,0,0,0.0
2017,Guatemala,0,0,0.0
2018,Guatemala,0,0,0.0
2019,Guatemala,1597,8719,5.46
2020,Guatemala,0,0,0.0
2021,Guatemala,17347,29100,1.68
2007,Guiana,0,0,0.0
2008,Guiana,0,0,0.0
2009,Guiana,0,0,0.0
2010,Guiana,783,3654,4.67
2011,Guiana,0,0,0.0
2012,Guiana,0,0,0.0
2013,Guiana,0,0,0.0
2014,Guiana,0,0,0.0
2015,Guiana,0,0,0.0
2016,Guiana,0,0,0.0
2017,Guiana,0,0,0.0
2018,Guiana,0,0,0.0
2019,Guiana,424,1311,3.09
2020,Guiana,990,2577,2.6
2021,Guiana,2372,6525,2.75
2007,Guiana Francesa,0,0,0.0
2008,Guiana Francesa,0,0,0.0
2009,Guiana Francesa,0,0,0.0
2010,Guiana Francesa,0,0,0.0
2011,Guiana Francesa,0,0,0.0
2012,Guiana Francesa,0,0,0.0
2013,Guiana Francesa,0,0,0.0
2014,Guiana Francesa,0,0,0.0
2015,Guiana Francesa,0,0,0.0
2016,Guiana Francesa,0,0,0.0
2017,Guiana Francesa,0,0,0.0
2018,Guiana Francesa,0,0,0.0
2019,Guiana Francesa,0,0,0.0
2020,Guiana Francesa,0,0,0.0
2021,Guiana Francesa,90,32,0.36
2007,Guine-Bissau,0,0,0.0
2008,Guine-Bissau,0,0,0.0
2009,Guine-Bissau,0,0,0.0
2010,Guine-Bissau,0,0,0.0
2011,Guine-Bissau,0,0,0.0
2012,Guine-Bissau,0,0,0.0
2013,Guine-Bissau,0,0,0.0
2014,Guine-Bissau,0,0,0.0
2015,Guine-Bissau,0,0,0.0
2016,Guine-Bissau,0,0,0.0
2017,Guine-Bissau,48,90,1.88
2018,Guine-Bissau,0,0,0.0
2019,Guine-Bissau,0,0,0.0
2020,Guine-Bissau,0,0,0.0
2021,Guine-Bissau,0,0,0.0
2007,Guine Equatorial,0,0,0.0
2008,Guine Equatorial,548,1417,2.59
2009,Guine Equatorial,169,272,1.61
2010,Guine Equatorial,410,1015,2.48
2011,Guine Equatorial,956,1979,2.07
2012,Guine Equatorial,819,2530,3.09
2013,Guine Equatorial,1108,5336,4.82
2014,Guine Equatorial,5646,11983,2.12
2015,Guine Equatorial,0,0,0.0
2016,Guine Equatorial,0,0,0.0
2017,Guine Equatorial,2639,30563,11.58
2018,Guine Equatorial,8389,26808,3.2
2019,Guine Equatorial,0,0,0.0
2020,Guine Equatorial,0,0,0.0
2021,Guine Equatorial,0,0,0.0
2007,Haiti,0,0,0.0
2008,Haiti,20,20,1.0
2009,Haiti,4500,5863,1.3
2010,Haiti,2700,3750,1.39
2011,Haiti,0,0,0.0
2012,Haiti,0,0,0.0
2013,Haiti,0,0,0.0
2014,Haiti,0,0,0.0
2015,Haiti,0,0,0.0
2016,Haiti,0,0,0.0
2017,Haiti,0,0,0.0
2018,Haiti,79500,144425,1.82
2019,Haiti,81873,129803,1.59
2020,Haiti,399128,471152,1.18
2021,Haiti,670379,831181,1.24
2007,Honduras,0,0,0.0
2008,Honduras,162,580,3.58
2009,Honduras,14,30,2.14
2010,Honduras,0,0,0.0
2011,Honduras,0,0,0.0
2012,Honduras,0,0,0.0
2013,Honduras,0,0,0.0
2014,Honduras,0,0,0.0
2015,Honduras,0,0,0.0
2016,Honduras,0,0,0.0
2017,Honduras,0,0,0.0
2018,Honduras,0,0,0.0
2019,Honduras,0,0,0.0
2020,Honduras,0,0,0.0
2021,Honduras,0,0,0.0
2007,Hong Kong,0,0,0.0
2008,Hong Kong,2430,13460,5.54
2009,Hong Kong,50319,27188,0.54
2010,Hong Kong,0,0,0.0
2011,Hong Kong,2063,7975,3.87
2012,Hong Kong,1609,7653,4.76
2013,Hong Kong,16013,61224,3.82
2014,Hong Kong,18130,63534,3.5
2015,Hong Kong,1229,7837,6.38
2016,Hong Kong,6975,86199,12.36
2017,Hong Kong,1934,8180,4.23
2018,Hong Kong,1742,9029,5.18
2019,Hong Kong,9651,42020,4.35
2020,Hong Kong,15159,41987,2.77
2021,Hong Kong,12507,39390,3.15
2007,Hungria,0,0,0.0
2008,Hungria,0,0,0.0
2009,Hungria,0,0,0.0
2010,Hungria,540,4103,7.6
2011,Hungria,0,0,0.0
2012,Hungria,0,0,0.0
2013,Hungria,0,0,0.0
2014,Hungria,0,0,0.0
2015,Hungria,0,0,0.0
2016,Hungria,0,0,0.0
2017,Hungria,0,0,0.0
2018,Hungria,0,0,0.0
2019,Hungria,0,0,0.0
2020,Hungria,0,0,0.0
2021,Hungria,87,583,6.7
2007,Ilha de Man,0,0,0.0
2008,Ilha de Man,0,0,0.0
2009,Ilha de Man,0,0,0.0
2010,Ilha de Man,0,0,0.0
2011,Ilha de Man,0,0,0.0
2012,Ilha de Man,0,0,0.0
2013,Ilha de Man,0,0,0.0
2014,Ilha de Man,0,0,0.0
2015,Ilha de Man,0,0,0.0
2016,Ilha de Man,0,0,0.0
2017,Ilha de Man,0,0,0.0
2018,Ilha de Man,0,0,0.0
2019,Ilha de Man,28,175,6.25
2020,Ilha de Man,11,121,11.0
2021,Ilha de Man,97,445,4.59
2007,Ilhas Virgens,0,0,0.0
2008,Ilhas Virgens,0,0,0.0
2009,Ilhas Virgens,0,0,0.0
2010,Ilhas Virgens,0,0,0.0
2011,Ilhas Virgens,0,0,0.0
2012,Ilhas Virgens,0,0,0.0
2013,Ilhas Virgens,0,0,0.0
2014,Ilhas Virgens,0,0,0.0
2015,Ilhas Virgens,0,0,0.0
2016,Ilhas Virgens,0,0,0.0
2017,Ilhas Virgens,0,0,0.0
2018,Ilhas Virgens,0,0,0.0
2019,Ilhas Virgens,0,0,0.0
2020,Ilhas Virgens,0,0,0.0
2021,Ilhas Virgens,0,0,0.0
2007,India,0,0,0.0
2008,India,0,0,0.0
2009,India,0,0,0.0
2010,India,0,0,0.0
2011,India,0,0,0.0
2012,India,0,0,0.0
2013,India,0,0,0.0
2014,India,0,0,0.0
2015,India,0,0,0.0
2016,India,0,0,0.0
2017,India,0,0,0.0
2018,India,0,0,0.0
2019,India,51,273,5.35
2020,India,7,10,1.43
2021,India,13,86,6.62
2007,Indonesia,0,0,0.0
2008,Indonesia,0,0,0.0
2009,Indonesia,0,0,0.0
2010,Indonesia,0,0,0.0
2011,Indonesia,0,0,0.0
2012,Indonesia,0,0,0.0
2013,Indonesia,0,0,0.0
2014,Indonesia,0,0,0.0
2015,Indonesia,0,0,0.0
2016,Indonesia,0,0,0.0
2017,Indonesia,0,0,0.0
2018,Indonesia,0,0,0.0
2019,Indonesia,0,0,0.0
2020,Indonesia,5,6,1.2
2021,Indonesia,0,0,0.0
2007,Ira,0,0,0.0
2008,Ira,0,0,0.0
2009,Ira,0,0,0.0
2010,Ira,0,0,0.0
2011,Ira,0,0,0.0
2012,Ira,0,0,0.0
2013,Ira,0,0,0.0
2014,Ira,0,0,0.0
2015,Ira,0,0,0.0
2016,Ira,0,0,0.0
2017,Ira,0,0,0.0
2018,Ira,0,0,0.0
2019,Ira,0,0,0.0
2020,Ira,21,35,1.67
2021,Ira,116,287,2.47
2007,Iraque,0,0,0.0
2008,Iraque,0,0,0.0
2009,Iraque,0,0,0.0
2010,Iraque,0,0,0.0
2011,Iraque,0,0,0.0
2012,Iraque,0,0,0.0
2013,Iraque,0,0,0.0
2014,Iraque,0,0,0.0
2015,Iraque,0,0,0.0
2016,Iraque,0,0,0.0
2017,Iraque,0,0,0.0
2018,Iraque,0,0,0.0
2019,Iraque,0,0,0.0
2020,Iraque,0,0,0.0
2021,Iraque,0,0,0.0
2007,Irlanda,0,0,0.0
2008,Irlanda,0,0,0.0
2009,Irlanda,0,0,0.0
2010,Irlanda,3969,42795,10.78
2011,Irlanda,5376,35690,6.64
2012,Irlanda,0,0,0.0
2013,Irlanda,0,0,0.0
2014,Irlanda,0,0,0.0
2015,Irlanda,0,0,0.0
2016,Irlanda,0,0,0.0
2017,Irlanda,0,0,0.0
2018,Irlanda,7560,25767,3.41
2019,Irlanda,0,0,0.0
2020,Irlanda,29,257,8.86
2021,Irlanda,36,208,5.78
2007,Italia,7209,19860,2.75
2008,Italia,0,0,0.0
2009,Italia,1817,5251,2.89
2010,Italia,1458,4828,3.31
2011,Italia,11999,80298,6.69
2012,Italia,792,5622,7.1
2013,Italia,1710,11967,7.0
2014,Italia,604,2492,4.13
2015,Italia,0,0,0.0
2016,Italia,585,3465,5.92
2017,Italia,468,2248,4.8
2018,Italia,3661,13260,3.62
2019,Italia,587,1625,2.77
2020,Italia,91,376,4.13
2021,Italia,696,3715,5.34
2007,Jamaica,0,0,0.0
2008,Jamaica,0,0,0.0
2009,Jamaica,0,0,0.0
2010,Jamaica,0,0,0.0
2011,Jamaica,0,0,0.0
2012,Jamaica,0,0,0.0
2013,Jamaica,0,0,0.0
2014,Jamaica,0,0,0.0
2015,Jamaica,0,0,0.0
2016,Jamaica,0,0,0.0
2017,Jamaica,0,0,0.0
2018,Jamaica,0,0,0.0
2019,Jamaica,0,0,0.0
2020,Jamaica,0,0,0.0
2021,Jamaica,0,0,0.0
2007,Japao,357943,316867,0.89
2008,Japao,232293,178333,0.77
2009,Japao,217974,283436,1.3
2010,Japao,112178,74628,0.67
2011,Japao,100835,144662,1.43
2012,Japao,29281,116961,3.99
2013,Japao,91988,429088,4.66
2014,Japao,106426,401774,3.78
2015,Japao,31597,87853,2.78
2016,Japao,34341,90954,2.65
2017,Japao,33909,92886,2.74
2018,Japao,36992,112342,3.04
2019,Japao,40621,99642,2.45
2020,Japao,36442,92674,2.54
2021,Japao,39491,90275,2.29
2007,Jordania,0,0,0.0
2008,Jordania,0,0,0.0
2009,Jordania,0,0,0.0
2010,Jordania,0,0,0.0
2011,Jordania,0,0,0.0
2012,Jordania,0,0,0.0
2013,Jordania,0,0,0.0
2014,Jordania,0,0,0.0
2015,Jordania,0,0,0.0
2016,Jordania,0,0,0.0
2017,Jordania,0,0,0.0
2018,Jordania,0,0,0.0
2019,Jordania,0,0,0.0
2020,Jordania,12,52,4.33
2021,Jordania,0,0,0.0
2007,Letonia,0,0,0.0
2008,Letonia,0,0,0.0
2009,Letonia,0,0,0.0
2010,Letonia,0,0,0.0
2011,Letonia,0,0,0.0
2012,Letonia,0,0,0.0
2013,Letonia,0,0,0.0
2014,Letonia,0,0,0.0
2015,Letonia,0,0,0.0
2016,Letonia,0,0,0.0
2017,Letonia,387,3723,9.62
2018,Letonia,0,0,0.0
2019,Letonia,0,0,0.0
2020,Letonia,0,0,0.0
2021,Letonia,0,0,0.0
2007,Libano,0,0,0.0
2008,Libano,0,0,0.0
2009,Libano,0,0,0.0
2010,Libano,0,0,0.0
2011,Libano,0,0,0.0
2012,Libano,0,0,0.0
2013,Libano,0,0,0.0
2014,Libano,0,0,0.0
2015,Libano,0,0,0.0
2016,Libano,0,0,0.0
2017,Libano,0,0,0.0
2018,Libano,0,0,0.0
2019,Libano,0,0,0.0
2020,Libano,0,0,0.0
2021,Libano,0,0,0.0
2007,Liberia,0,0,0.0
2008,Liberia,0,0,0.0
2009,Liberia,0,0,0.0
2010,Liberia,0,0,0.0
2011,Liberia,0,0,0.0
2012,Liberia,0,0,0.0
2013,Liberia,0,0,0.0
2014,Liberia,0,0,0.0
2015,Liberia,0,0,0.0
2016,Liberia,0,0,0.0
2017,Liberia,0,0,0.0
2018,Liberia,658,3100,4.71
2019,Liberia,4441,20068,4.52
2020,Liberia,5155,17624,3.42
2021,Liberia,7554,23060,3.05
2007,Luxemburgo,785,2033,2.59
2008,Luxemburgo,13606,42341,3.11
2009,Luxemburgo,7845,42124,5.37
2010,Luxemburgo,7344,32549,4.43
2011,Luxemburgo,9547,65592,6.87
2012,Luxemburgo,2444,16547,6.77
2013,Luxemburgo,5135,29474,5.74
2014,Luxemburgo,8281,52400,6.33
2015,Luxemburgo,2295,17358,7.56
2016,Luxemburgo,2759,21426,7.77
2017,Luxemburgo,2719,21947,8.07
2018,Luxemburgo,1778,11053,6.22
2019,Luxemburgo,1666,11211,6.73
2020,Luxemburgo,1086,5110,4.71
2021,Luxemburgo,0,0,0.0
2007,Malasia,0,0,0.0
2008,Malasia,0,0,0.0
2009,Malasia,0,0,0.0
2010,Malasia,0,0,0.0
2011,Malasia,0,0,0.0
2012,Malasia,0,0,0.0
2013,Malasia,0,0,0.0
2014,Malasia,0,0,0.0
2015,Malasia,0,0,0.0
2016,Malasia,0,0,0.0
2017,Malasia,0,0,0.0
2018,Malasia,15,33,2.2
2019,Malasia,48,110,2.29
2020,Malasia,0,0,0.0
2021,Malasia,0,0,0.0
2007,Malta,0,0,0.0
2008,Malta,0,0,0.0
2009,Malta,0,0,0.0
2010,Malta,0,0,0.0
2011,Malta,0,0,0.0
2012,Malta,0,0,0.0
2013,Malta,0,0,0.0
2014,Malta,0,0,0.0
2015,Malta,0,0,0.0
2016,Malta,0,0,0.0
2017,Malta,0,0,0.0
2018,Malta,503,1192,2.37
2019,Malta,3661,8828,2.41
2020,Malta,3490,9688,2.78
2021,Malta,3441,15454,4.49
2007,Ilhas Marshall,0,0,0.0
2008,Ilhas Marshall,0,0,0.0
2009,Ilhas Marshall,0,0,0.0
2010,Ilhas Marshall,0,0,0.0
2011,Ilhas Marshall,0,0,0.0
2012,Ilhas Marshall,0,0,0.0
2013,Ilhas Marshall,0,0,0.0
2014,Ilhas Marshall,0,0,0.0
2015,Ilhas Marshall,0,0,0.0
2016,Ilhas Marshall,0,0,0.0
2017,Ilhas Marshall,0,0,0.0
2018,Ilhas Marshall,923,2436,2.64
2019,Ilhas Marshall,7276,15786,2.17
2020,Ilhas Marshall,6270,19639,3.13
2021,Ilhas Marshall,8644,22561,2.61
2007,Mauritania,0,0,0.0
2008,Mauritania,0,0,0.0
2009,Mauritania,0,0,0.0
2010,Mauritania,0,0,0.0
2011,Mauritania,0,0,0.0
2012,Mauritania,0,0,0.0
2013,Mauritania,0,0,0.0
2014,Mauritania,0,0,0.0
2015,Mauritania,0,0,0.0
2016,Mauritania,0,0,0.0
2017,Mauritania,0,0,0.0
2018,Mauritania,0,0,0.0
2019,Mauritania,0,0,0.0
2020,Mauritania,0,0,0.0
2021,Mauritania,9,85,9.44
2007,Mexico,2453,15425,6.29
2008,Mexico,0,0,0.0
2009,Mexico,0,0,0.0
2010,Mexico,0,0,0.0
2011,Mexico,1350,7200,5.33
2012,Mexico,0,0,0.0
2013,Mexico,0,0,0.0
2014,Mexico,1521,24336,16.0
2015,Mexico,0,0,0.0
2016,Mexico,0,0,0.0
2017,Mexico,664,2292,3.45
2018,Mexico,2748,9744,3.55
2019,Mexico,4,4,1.0
2020,Mexico,24,226,9.42
2021,Mexico,9,2,0.22
2007,Montenegro,0,0,0.0
2008,Montenegro,0,0,0.0
2009,Montenegro,0,0,0.0
2010,Montenegro,0,0,0.0
2011,Montenegro,0,0,0.0
2012,Montenegro,0,0,0.0
2013,Montenegro,0,0,0.0
2014,Montenegro,0,0,0.0
2015,Montenegro,0,0,0.0
2016,Montenegro,0,0,0.0
2017,Montenegro,0,0,0.0
2018,Montenegro,0,0,0.0
2019,Montenegro,9,46,5.11
2020,Montenegro,9,20,2.22
2021,Montenegro,14,65,4.64
2007,Namibia,0,0,0.0
2008,Namibia,340,722,2.12
2009,Namibia,0,0,0.0
2010,Namibia,0,0,0.0
2011,Namibia,0,0,0.0
2012,Namibia,0,0,0.0
2013,Namibia,0,0,0.0
2014,Namibia,0,0,0.0
2015,Namibia,0,0,0.0
2016,Namibia,0,0,0.0
2017,Namibia,0,0,0.0
2018,Namibia,0,0,0.0
2019,Namibia,0,0,0.0
2020,Namibia,0,0,0.0
2021,Namibia,0,0,0.0
2007,Nicaragua,0,0,0.0
2008,Nicaragua,0,0,0.0
2009,Nicaragua,24,24,1.0
2010,Nicaragua,0,0,0.0
2011,Nicaragua,0,0,0.0
2012,Nicaragua,0,0,0.0
2013,Nicaragua,0,0,0.0
2014,Nicaragua,0,0,0.0
2015,Nicaragua,0,0,0.0
2016,Nicaragua,0,0,0.0
2017,Nicaragua,0,0,0.0
2018,Nicaragua,0,0,0.0
2019,Nicaragua,0,0,0.0
2020,Nicaragua,0,0,0.0
2021,Nicaragua,0,0,0.0
2007,Nigeria,0,0,0.0
2008,Nigeria,7560,10920,1.44
2009,Nigeria,41,115,2.8
2010,Nigeria,0,0,0.0
2011,Nigeria,54,210,3.89
2012,Nigeria,6449,10196,1.58
2013,Nigeria,1350,2245,1.66
2014,Nigeria,0,0,0.0
2015,Nigeria,0,0,0.0
2016,Nigeria,0,0,0.0
2017,Nigeria,0,0,0.0
2018,Nigeria,5175,6250,1.21
2019,Nigeria,28437,38555,1.36
2020,Nigeria,12094,26514,2.19
2021,Nigeria,68247,113172,1.66
2007,Noruega,10044,10044,1.0
2008,Noruega,0,0,0.0
2009,Noruega,0,0,0.0
2010,Noruega,0,0,0.0
2011,Noruega,10268,78688,7.66
2012,Noruega,5104,31515,6.17
2013,Noruega,2375,19008,8.0
2014,Noruega,7179,50464,7.03
2015,Noruega,1058,6021,5.69
2016,Noruega,0,0,0.0
2017,Noruega,0,0,0.0
2018,Noruega,1295,9847,7.6
2019,Noruega,628,3139,5.0
2020,Noruega,1859,15134,8.14
2021,Noruega,1878,8320,4.43
2007,Nova Caledonia,0,0,0.0
2008,Nova Caledonia,0,0,0.0
2009,Nova Caledonia,0,0,0.0
2010,Nova Caledonia,0,0,0.0
2011,Nova Caledonia,0,0,0.0
2012,Nova Caledonia,0,0,0.0
2013,Nova Caledonia,0,0,0.0
2014,Nova Caledonia,0,0,0.0
2015,Nova Caledonia,0,0,0.0
2016,Nova Caledonia,0,0,0.0
2017,Nova Caledonia,0,0,0.0
2018,Nova Caledonia,0,0,0.0
2019,Nova Caledonia,0,0,0.0
2020,Nova Caledonia,0,0,0.0
2021,Nova Caledonia,7227,11924,1.65
2007,Nova Zelandia,0,0,0.0
2008,Nova Zelandia,0,0,0.0
2009,Nova Zelandia,0,0,0.0
2010,Nova Zelandia,0,0,0.0
2011,Nova Zelandia,2587,7992,3.09
2012,Nova Zelandia,2364,8817,3.73
2013,Nova Zelandia,1004,4092,4.08
2014,Nova Zelandia,2800,13675,4.88
2015,Nova Zelandia,809,3476,4.3
2016,Nova Zelandia,504,9472,18.79
2017,Nova Zelandia,1678,8140,4.85
2018,Nova Zelandia,969,5565,5.74
2019,Nova Zelandia,500,2832,5.66
2020,Nova Zelandia,95,515,5.42
2021,Nova Zelandia,657,10477,15.95
2007,Holanda,181046,364751,2.01
2008,Holanda,340412,783635,2.3
2009,Holanda,171654,136991,0.8
2010,Holanda,87368,302182,3.46
2011,Holanda,125414,395356,3.15
2012,Holanda,134879,539641,4.0
2013,Holanda,57792,255690,4.42
2014,Holanda,165289,773767,4.68
2015,Holanda,44987,186464,4.14
2016,Holanda,42953,190203,4.43
2017,Holanda,0,0,0.0
2018,Holanda,9451,32395,3.43
2019,Holanda,44882,148031,3.3
2020,Holanda,248,1532,6.18
2021,Holanda,3791,8484,2.24
2007,Panama,810,1030,1.27
2008,Panama,1161,1882,1.62
2009,Panama,24,30,1.25
2010,Panama,0,0,0.0
2011,Panama,0,0,0.0
2012,Panama,39,2262,58.0
2013,Panama,0,0,0.0
2014,Panama,0,0,0.0
2015,Panama,0,0,0.0
2016,Panama,0,0,0.0
2017,Panama,0,0,0.0
2018,Panama,1183,3117,2.63
2019,Panama,7918,29017,3.66
2020,Panama,10821,28372,2.62
2021,Panama,29520,48444,1.64
2007,Paraguai,1285459,801519,0.62
2008,Paraguai,2191901,1374088,0.63
2009,Paraguai,486927,392087,0.81
2010,Paraguai,510989,449197,0.88
2011,Paraguai,240168,276281,1.15
2012,Paraguai,354824,428279,1.21
2013,Paraguai,481564,680828,1.41
2014,Paraguai,521847,908028,1.74
2015,Paraguai,495428,741370,1.5
2016,Paraguai,985739,1655417,1.68
2017,Paraguai,2393468,4274650,1.79
2018,Paraguai,3234168,5494321,1.7
2019,Paraguai,2419537,3826587,1.58
2020,Paraguai,3299013,3869243,1.17
2021,Paraguai,6522527,7192362,1.1
2007,Peru,0,0,0.0
2008,Peru,0,0,0.0
2009,Peru,0,0,0.0
2010,Peru,0,0,0.0
2011,Peru,0,0,0.0
2012,Peru,0,0,0.0
2013,Peru,0,0,0.0
2014,Peru,0,0,0.0
2015,Peru,0,0,0.0
2016,Peru,0,0,0.0
2017,Peru,0,0,0.0
2018,Peru,5193,19372,3.73
2019,Peru,9755,17310,1.77
2020,Peru,0,0,0.0
2021,Peru,9720,17107,1.76
2007,Polonia,0,0,0.0
2008,Polonia,20290,58353,2.88
2009,Polonia,6982,35797,5.13
2010,Polonia,20464,95198,4.65
2011,Polonia,11732,50684,4.32
2012,Polonia,21663,89158,4.12
2013,Polonia,19249,90960,4.73
2014,Polonia,30181,107957,3.58
2015,Polonia,11654,42781,3.67
2016,Polonia,11457,35402,3.09
2017,Polonia,0,0,0.0
2018,Polonia,720,4679,6.5
2019,Polonia,5,11,2.2
2020,Polonia,74,86,1.16
2021,Polonia,4,14,3.5
2007,Porto Rico,0,0,0.0
2008,Porto Rico,0,0,0.0
2009,Porto Rico,0,0,0.0
2010,Porto Rico,0,0,0.0
2011,Porto Rico,0,0,0.0
2012,Porto Rico,0,0,0.0
2013,Porto Rico,0,0,0.0
2014,Porto Rico,0,0,0.0
2015,Porto Rico,0,0,0.0
2016,Porto Rico,0,0,0.0
2017,Porto Rico,0,0,0.0
2018,Porto Rico,0,0,0.0
2019,Porto Rico,0,0,0.0
2020,Porto Rico,0,0,0.0
2021,Porto Rico,0,0,0.0
2007,Portugal,109074,165282,1.52
2008,Portugal,49090,48942,1.0
2009,Portugal,141000,168923,1.2
2010,Portugal,4577,18970,4.14
2011,Portugal,95,1031,10.85
2012,Portugal,47172,47022,1.0
2013,Portugal,23810,17627,0.74
2014,Portugal,71544,79141,1.11
2015,Portugal,47736,42586,0.89
2016,Portugal,0,0,0.0
2017,Portugal,0,0,0.0
2018,Portugal,0,0,0.0
2019,Portugal,18328,72413,3.95
2020,Portugal,7958,34518,4.34
2021,Portugal,6358,42633,6.71
2007,Quenia,10600,13860,1.31
2008,Quenia,0,0,0.0
2009,Quenia,0,0,0.0
2010,Quenia,0,0,0.0
2011,Quenia,0,0,0.0
2012,Quenia,94,458,4.87
2013,Quenia,6,4,0.67
2014,Quenia,0,0,0.0
2015,Quenia,0,0,0.0
2016,Quenia,0,0,0.0
2017,Quenia,0,0,0.0
2018,Quenia,6771,31225,4.61
2019,Quenia,0,0,0.0
2020,Quenia,0,0,0.0
2021,Quenia,0,0,0.0
2007,Reino Unido,84613,144244,1.7
2008,Reino Unido,100097,155076,1.55
2009,Reino Unido,30092,68788,2.29
2010,Reino Unido,123624,295690,2.39
2011,Reino Unido,122629,285642,2.33
2012,Reino Unido,82937,334856,4.04
2013,Reino Unido,59161,305005,5.16
2014,Reino Unido,305807,1373747,4.49
2015,Reino Unido,68382,308407,4.51
2016,Reino Unido,117044,536681,4.59
2017,Reino Unido,60711,242883,4.0
2018,Reino Unido,67708,296827,4.38
2019,Reino Unido,34295,164592,4.8
2020,Reino Unido,22913,82722,3.61
2021,Reino Unido,25316,122394,4.83
2007,Republica Dominicana,601,2438,4.06
2008,Republica Dominicana,0,0,0.0
2009,Republica Dominicana,0,0,0.0
2010,Republica Dominicana,0,0,0.0
2011,Republica Dominicana,0,0,0.0
2012,Republica Dominicana,0,0,0.0
2013,Republica Dominicana,0,0,0.0
2014,Republica Dominicana,0,0,0.0
2015,Republica Dominicana,0,0,0.0
2016,Republica Dominicana,0,0,0.0
2017,Republica Dominicana,0,0,0.0
2018,Republica Dominicana,0,0,0.0
2019,Republica Dominicana,0,0,0.0
2020,Republica Dominicana,0,0,0.0
2021,Republica Dominicana,0,0,0.0
2007,Russia,266400,173160,0.65
2008,Russia,6207658,2352768,0.38
2009,Russia,21912914,5732280,0.26
2010,Russia,0,0,0.0
2011,Russia,0,0,0.0
2012,Russia,4528176,2103968,0.46
2013,Russia,5893291,14795694,2.51
2014,Russia,190656,61440,0.32
2015,Russia,47664,18240,0.38
2016,Russia,0,0,0.0
2017,Russia,0,0,0.0
2018,Russia,0,0,0.0
2019,Russia,0,0,0.0
2020,Russia,1463,8550,5.84
2021,Russia,181931,312926,1.72
2007,Sao Tome e Principe,0,0,0.0
2008,Sao Tome e Principe,0,0,0.0
2009,Sao Tome e Principe,0,0,0.0
2010,Sao Tome e Principe,0,0,0.0
2011,Sao Tome e Principe,0,0,0.0
2012,Sao Tome e Principe,0,0,0.0
2013,Sao Tome e Principe,0,0,0.0
2014,Sao Tome e Principe,0,0,0.0
2015,Sao Tome e Principe,0,0,0.0
2016,Sao Tome e Principe,0,0,0.0
2017,Sao Tome e Principe,0,0,0.0
2018,Sao Tome e Principe,2184,2357,1.08
2019,Sao Tome e Principe,0,0,0.0
2020,Sao Tome e Principe,0,0,0.0
2021,Sao Tome e Principe,0,0,0.0
2007,Sao Vicente e Granadinas,0,0,0.0
2008,Sao Vicente e Granadinas,0,0,0.0
2009,Sao Vicente e Granadinas,0,0,0.0
2010,Sao Vicente e Granadinas,0,0,0.0
2011,Sao Vicente e Granadinas,0,0,0.0
2012,Sao Vicente e Granadinas,0,0,0.0
2013,Sao Vicente e Granadinas,0,0,0.0
2014,Sao Vicente e Granadinas,0,0,0.0
2015,Sao Vicente e Granadinas,0,0,0.0
2016,Sao Vicente e Granadinas,0,0,0.0
2017,Sao Vicente e Granadinas,0,0,0.0
2018,Sao Vicente e Granadinas,0,0,0.0
2019,Sao Vicente e Granadinas,0,0,0.0
2020,Sao Vicente e Granadinas,0,0,0.0
2021,Sao Vicente e Granadinas,8,48,6.0
2007,Senegal,0,0,0.0
2008,Senegal,0,0,0.0
2009,Senegal,0,0,0.0
2010,Senegal,0,0,0.0
2011,Senegal,0,0,0.0
2012,Senegal,0,0,0.0
2013,Senegal,0,0,0.0
2014,Senegal,0,0,0.0
2015,Senegal,0,0,0.0
2016,Senegal,0,0,0.0
2017,Senegal,0,0,0.0
2018,Senegal,0,0,0.0
2019,Senegal,0,0,0.0
2020,Senegal,0,0,0.0
2021,Senegal,0,0,0.0
2007,Serra Leoa,0,0,0.0
2008,Serra Leoa,0,0,0.0
2009,Serra Leoa,0,0,0.0
2010,Serra Leoa,0,0,0.0
2011,Serra Leoa,0,0,0.0
2012,Serra Leoa,0,0,0.0
2013,Serra Leoa,0,0,0.0
2014,Serra Leoa,0,0,0.0
2015,Serra Leoa,0,0,0.0
2016,Serra Leoa,0,0,0.0
2017,Serra Leoa,0,0,0.0
2018,Serra Leoa,0,0,0.0
2019,Serra Leoa,18,717,39.83
2020,Serra Leoa,9240,13050,1.41
2021,Serra Leoa,6525,12955,1.99
2007,Singapura,0,0,0.0
2008,Singapura,0,0,0.0
2009,Singapura,0,0,0.0
2010,Singapura,0,0,0.0
2011,Singapura,0,0,0.0
2012,Singapura,0,0,0.0
2013,Singapura,0,0,0.0
2014,Singapura,0,0,0.0
2015,Singapura,0,0,0.0
2016,Singapura,0,0,0.0
2017,Singapura,0,0,0.0
2018,Singapura,0,0,0.0
2019,Singapura,0,0,0.0
2020,Singapura,0,0,0.0
2021,Singapura,4504,14346,3.19
2007,Suazilandia,0,0,0.0
2008,Suazilandia,0,0,0.0
2009,Suazilandia,0,0,0.0
2010,Suazilandia,0,0,0.0
2011,Suazilandia,0,0,0.0
2012,Suazilandia,0,0,0.0
2013,Suazilandia,0,0,0.0
2014,Suazilandia,0,0,0.0
2015,Suazilandia,0,0,0.0
2016,Suazilandia,0,0,0.0
2017,Suazilandia,0,0,0.0
2018,Suazilandia,0,0,0.0
2019,Suazilandia,0,0,0.0
2020,Suazilandia,0,0,0.0
2021,Suazilandia,10,24,2.4
2007,Suecia,919,2448,2.66
2008,Suecia,26984,84564,3.13
2009,Suecia,28334,52826,1.86
2010,Suecia,0,0,0.0
2011,Suecia,1641,14476,8.82
2012,Suecia,2705,17280,6.39
2013,Suecia,3195,20183,6.32
2014,Suecia,10404,51057,4.91
2015,Suecia,1412,6404,4.54
2016,Suecia,291,1214,4.17
2017,Suecia,15445,64953,4.21
2018,Suecia,8062,34563,4.29
2019,Suecia,28,761,27.18
2020,Suecia,6,24,4.0
2021,Suecia,23,74,3.22
2007,Suica,26090,70716,2.71
2008,Suica,54384,216317,3.98
2009,Suica,27653,81319,2.94
2010,Suica,2025,21600,10.67
2011,Suica,0,0,0.0
2012,Suica,4014,47240,11.77
2013,Suica,2997,29785,9.94
2014,Suica,27933,231762,8.3
2015,Suica,15872,85790,5.41
2016,Suica,4230,33340,7.88
2017,Suica,6525,74816,11.47
2018,Suica,0,0,0.0
2019,Suica,2223,28503,12.82
2020,Suica,2827,27930,9.88
2021,Suica,627,6999,11.16
2007,Suriname,2700,4603,1.7
2008,Suriname,900,1625,1.81
2009,Suriname,3830,12918,3.37
2010,Suriname,1836,1269,0.69
2011,Suriname,3774,3735,0.99
2012,Suriname,396,1288,3.25
2013,Suriname,1800,2960,1.64
2014,Suriname,6,19,3.17
2015,Suriname,453,713,1.57
2016,Suriname,900,1375,1.53
2017,Suriname,3690,5638,1.53
2018,Suriname,0,0,0.0
2019,Suriname,3206,4741,1.48
2020,Suriname,4185,5277,1.26
2021,Suriname,900,1472,1.64
2007,Tailandia,839,2020,2.41
2008,Tailandia,0,0,0.0
2009,Tailandia,0,0,0.0
2010,Tailandia,0,0,0.0
2011,Tailandia,0,0,0.0
2012,Tailandia,0,0,0.0
2013,Tailandia,0,0,0.0
2014,Tailandia,0,0,0.0
2015,Tailandia,0,0,0.0
2016,Tailandia,0,0,0.0
2017,Tailandia,0,0,0.0
2018,Tailandia,8,45,5.62
2019,Tailandia,128,832,6.5
2020,Tailandia,534,1753,3.28
2021,Tailandia,1334,2529,1.9
2007,Taiwan,6377,11214,1.76
2008,Taiwan,10030,18679,1.86
2009,Taiwan,0,0,0.0
2010,Taiwan,0,0,0.0
2011,Taiwan,4500,10600,2.36
2012,Taiwan,0,0,0.0
2013,Taiwan,0,0,0.0
2014,Taiwan,12519,67907,5.42
2015,Taiwan,7200,23940,3.32
2016,Taiwan,16967,80379,4.74
2017,Taiwan,14988,43954,2.93
2018,Taiwan,7589,18421,2.43
2019,Taiwan,12,67,5.58
2020,Taiwan,963,4673,4.85
2021,Taiwan,1313,8153,6.21
2007,Tanzania,0,0,0.0
2008,Tanzania,0,0,0.0
2009,Tanzania,0,0,0.0
2010,Tanzania,0,0,0.0
2011,Tanzania,0,0,0.0
2012,Tanzania,0,0,0.0
2013,Tanzania,0,0,0.0
2014,Tanzania,0,0,0.0
2015,Tanzania,0,0,0.0
2016,Tanzania,0,0,0.0
2017,Tanzania,0,0,0.0
2018,Tanzania,0,0,0.0
2019,Tanzania,0,0,0.0
2020,Tanzania,0,0,0.0
2021,Tanzania,0,0,0.0
2007,Republica Tcheca,85303,189620,2.22
2008,Republica Tcheca,17135,64709,3.78
2009,Republica Tcheca,9269,43902,4.74
2010,Republica Tcheca,1091,5285,4.84
2011,Republica Tcheca,6846,37271,5.44
2012,Republica Tcheca,7960,27789,3.49
2013,Republica Tcheca,3697,23549,6.37
2014,Republica Tcheca,4500,35005,7.78
2015,Republica Tcheca,2297,15304,6.66
2016,Republica Tcheca,3837,28473,7.42
2017,Republica Tcheca,2746,16947,6.17
2018,Republica Tcheca,2712,20980,7.74
2019,Republica Tcheca,2115,16391,7.75
2020,Republica Tcheca,563,4805,8.53
2021,Republica Tcheca,456,5988,13.13
2007,Togo,11,11,1.0
2008,Togo,5160,7800,1.51
2009,Togo,0,0,0.0
2010,Togo,0,0,0.0
2011,Togo,0,0,0.0
2012,Togo,0,0,0.0
2013,Togo,0,0,0.0
2014,Togo,0,0,0.0
2015,Togo,0,0,0.0
2016,Togo,0,0,0.0
2017,Togo,0,0,0.0
2018,Togo,0,0,0.0
2019,Togo,0,0,0.0
2020,Togo,0,0,0.0
2021,Togo,1890,2012,1.06
2007,Trindade e Tobago,0,0,0.0
2008,Trindade e Tobago,0,0,0.0
2009,Trindade e Tobago,0,0,0.0
2010,Trindade e Tobago,0,0,0.0
2011,Trindade e Tobago,0,0,0.0
2012,Trindade e Tobago,531,2720,5.12
2013,Trindade e Tobago,0,0,0.0
2014,Trindade e Tobago,360,1600,4.44
2015,Trindade e Tobago,0,0,0.0
2016,Trindade e Tobago,0,0,0.0
2017,Trindade e Tobago,0,0,0.0
2018,Trindade e Tobago,0,0,0.0
2019,Trindade e Tobago,0,0,0.0
2020,Trindade e Tobago,0,0,0.0
2021,Trindade e Tobago,0,0,0.0
2007,Tunisia,0,0,0.0
2008,Tunisia,0,0,0.0
2009,Tunisia,0,0,0.0
2010,Tunisia,0,0,0.0
2011,Tunisia,0,0,0.0
2012,Tunisia,0,0,0.0
2013,Tunisia,0,0,0.0
2014,Tunisia,0,0,0.0
2015,Tunisia,0,0,0.0
2016,Tunisia,0,0,0.0
2017,Tunisia,0,0,0.0
2018,Tunisia,0,0,0.0
2019,Tunisia,0,0,0.0
2020,Tunisia,0,0,0.0
2021,Tunisia,0,0,0.0
2007,Turquia,0,0,0.0
2008,Turquia,0,0,0.0
2009,Turquia,0,0,0.0
2010,Turquia,0,0,0.0
2011,Turquia,0,0,0.0
2012,Turquia,0,0,0.0
2013,Turquia,0,0,0.0
2014,Turquia,0,0,0.0
2015,Turquia,0,0,0.0
2016,Turquia,0,0,0.0
2017,Turquia,0,0,0.0
2018,Turquia,360,150,0.42
2019,Turquia,115,209,1.82
2020,Turquia,0,0,0.0
2021,Turquia,343,878,2.56
2007,Tuvalu,0,0,0.0
2008,Tuvalu,0,0,0.0
2009,Tuvalu,0,0,0.0
2010,Tuvalu,0,0,0.0
2011,Tuvalu,0,0,0.0
2012,Tuvalu,0,0,0.0
2013,Tuvalu,0,0,0.0
2014,Tuvalu,0,0,0.0
2015,Tuvalu,0,0,0.0
2016,Tuvalu,0,0,0.0
2017,Tuvalu,0,0,0.0
2018,Tuvalu,0,0,0.0
2019,Tuvalu,0,0,0.0
2020,Tuvalu,2,4,2.0
2021,Tuvalu,0,0,0.0
2007,Uruguai,0,0,0.0
2008,Uruguai,0,0,0.0
2009,Uruguai,0,0,0.0
2010,Uruguai,914,2929,3.2
2011,Uruguai,1238,4404,3.56
2012,Uruguai,1135,3879,3.42
2013,Uruguai,1526,13343,8.74
2014,Uruguai,0,0,0.0
2015,Uruguai,0,0,0.0
2016,Uruguai,0,0,0.0
2017,Uruguai,0,0,0.0
2018,Uruguai,7711,29617,3.84
2019,Uruguai,6180,18497,2.99
2020,Uruguai,0,0,0.0
2021,Uruguai,136774,149842,1.1
2007,Vanuatu,0,0,0.0
2008,Vanuatu,0,0,0.0
2009,Vanuatu,0,0,0.0
2010,Vanuatu,0,0,0.0
2011,Vanuatu,0,0,0.0
2012,Vanuatu,0,0,0.0
2013,Vanuatu,0,0,0.0
2014,Vanuatu,0,0,0.0
2015,Vanuatu,0,0,0.0
2016,Vanuatu,0,0,0.0
2017,Vanuatu,0,0,0.0
2018,Vanuatu,0,0,0.0
2019,Vanuatu,0,0,0.0
2020,Vanuatu,18,31,1.72
2021,Vanuatu,0,0,0.0
2007,Venezuela,20700,27370,1.32
2008,Venezuela,0,0,0.0
2009,Venezuela,0,0,0.0
2010,Venezuela,0,0,0.0
2011,Venezuela,0,0,0.0
2012,Venezuela,1029,7492,7.28
2013,Venezuela,0,0,0.0
2014,Venezuela,14,232,16.57
2015,Venezuela,0,0,0.0
2016,Venezuela,0,0,0.0
2017,Venezuela,680,2646,3.89
2018,Venezuela,71,355,5.0
2019,Venezuela,0,0,0.0
2020,Venezuela,4086,9808,2.4
2021,Venezuela,26415,35944,1.36
2007,Vietna,0,0,0.0
2008,Vietna,0,0,0.0
2009,Vietna,743,2143,2.88
2010,Vietna,8820,9977,1.13
2011,Vietna,0,0,0.0
2012,Vietna,0,0,0.0
2013,Vietna,0,0,0.0
2014,Vietna,0,0,0.0
2015,Vietna,0,0,0.0
2016,Vietna,0,0,0.0
2017,Vietna,0,0,0.0
2018,Vietna,0,0,0.0
2019,Vietna,20,32,1.6
2020,Vietna,86,584,6.79
2021,Vietna,0,0,0.0
